video_name,video_path,category,gender
backflip_000.mp4,/content/drive/MyDrive/FINAL DATASET/backflip/backflip_000.mp4,backflip,male
backflip_001.mp4,/content/drive/MyDrive/FINAL DATASET/backflip/backflip_001.mp4,backflip,male
backflip_002.mp4,/content/drive/MyDrive/FINAL DATASET/backflip/backflip_002.mp4,backflip,male
backflip_003.mp4,/content/drive/MyDrive/FINAL DATASET/backflip/backflip_003.mp4,backflip,male
backflip_004.mp4,/content/drive/MyDrive/FINAL DATASET/backflip/backflip_004.mp4,backflip,male
backflip_005.mp4,/content/drive/MyDrive/FINAL DATASET/backflip/backflip_005.mp4,backflip,male
backflip_006.mp4,/content/drive/MyDrive/FINAL DATASET/backflip/backflip_006.mp4,backflip,male
backflip_007.mp4,/content/drive/MyDrive/FINAL DATASET/backflip/backflip_007.mp4,backflip,female
backflip_008.mp4,/content/drive/MyDrive/FINAL DATASET/backflip/backflip_008.mp4,backflip,male
backflip_009.mp4,/content/drive/MyDrive/FINAL DATASET/backflip/backflip_009.mp4,backflip,male
backflip_010.mp4,/content/drive/MyDrive/FINAL DATASET/backflip/backflip_010.mp4,backflip,male
backflip_011.mp4,/content/drive/MyDrive/FINAL DATASET/backflip/backflip_011.mp4,backflip,male
backflip_012.mp4,/content/drive/MyDrive/FINAL DATASET/backflip/backflip_012.mp4,backflip,male
backflip_013.mp4,/content/drive/MyDrive/FINAL DATASET/backflip/backflip_013.mp4,backflip,male
backflip_014.mp4,/content/drive/MyDrive/FINAL DATASET/backflip/backflip_014.mp4,backflip,male
backflip_015.mp4,/content/drive/MyDrive/FINAL DATASET/backflip/backflip_015.mp4,backflip,male
backflip_016.mp4,/content/drive/MyDrive/FINAL DATASET/backflip/backflip_016.mp4,backflip,male
backflip_017.mp4,/content/drive/MyDrive/FINAL DATASET/backflip/backflip_017.mp4,backflip,male
backflip_018.mp4,/content/drive/MyDrive/FINAL DATASET/backflip/backflip_018.mp4,backflip,female
backflip_019.mp4,/content/drive/MyDrive/FINAL DATASET/backflip/backflip_019.mp4,backflip,male
backward_roll_000.mp4,/content/drive/MyDrive/FINAL DATASET/backward_roll/backward_roll_000.mp4,backward_roll,male
backward_roll_001.mp4,/content/drive/MyDrive/FINAL DATASET/backward_roll/backward_roll_001.mp4,backward_roll,female
backward_roll_002.mp4,/content/drive/MyDrive/FINAL DATASET/backward_roll/backward_roll_002.mp4,backward_roll,female
backward_roll_003.mp4,/content/drive/MyDrive/FINAL DATASET/backward_roll/backward_roll_003.mp4,backward_roll,female
backward_roll_004.mp4,/content/drive/MyDrive/FINAL DATASET/backward_roll/backward_roll_004.mp4,backward_roll,male
backward_roll_005.mp4,/content/drive/MyDrive/FINAL DATASET/backward_roll/backward_roll_005.mp4,backward_roll,male
backward_roll_006.mp4,/content/drive/MyDrive/FINAL DATASET/backward_roll/backward_roll_006.mp4,backward_roll,female
backward_roll_007.mp4,/content/drive/MyDrive/FINAL DATASET/backward_roll/backward_roll_007.mp4,backward_roll,male
backward_roll_008.mp4,/content/drive/MyDrive/FINAL DATASET/backward_roll/backward_roll_008.mp4,backward_roll,female
backward_roll_009.mp4,/content/drive/MyDrive/FINAL DATASET/backward_roll/backward_roll_009.mp4,backward_roll,male
backward_roll_010.mp4,/content/drive/MyDrive/FINAL DATASET/backward_roll/backward_roll_010.mp4,backward_roll,male
backward_roll_011.mp4,/content/drive/MyDrive/FINAL DATASET/backward_roll/backward_roll_011.mp4,backward_roll,male
backward_roll_012.mp4,/content/drive/MyDrive/FINAL DATASET/backward_roll/backward_roll_012.mp4,backward_roll,female
backward_roll_013.mp4,/content/drive/MyDrive/FINAL DATASET/backward_roll/backward_roll_013.mp4,backward_roll,male
backward_roll_014.mp4,/content/drive/MyDrive/FINAL DATASET/backward_roll/backward_roll_014.mp4,backward_roll,male
backward_roll_015.mp4,/content/drive/MyDrive/FINAL DATASET/backward_roll/backward_roll_015.mp4,backward_roll,female
backward_roll_016.mp4,/content/drive/MyDrive/FINAL DATASET/backward_roll/backward_roll_016.mp4,backward_roll,male
backward_roll_017.mp4,/content/drive/MyDrive/FINAL DATASET/backward_roll/backward_roll_017.mp4,backward_roll,male
backward_roll_018.mp4,/content/drive/MyDrive/FINAL DATASET/backward_roll/backward_roll_018.mp4,backward_roll,male
backward_roll_019.mp4,/content/drive/MyDrive/FINAL DATASET/backward_roll/backward_roll_019.mp4,backward_roll,male
badminton_overswing_000.mp4,/content/drive/MyDrive/FINAL DATASET/badminton_overswing/badminton_overswing_000.mp4,badminton_overswing,female
badminton_overswing_001.mp4,/content/drive/MyDrive/FINAL DATASET/badminton_overswing/badminton_overswing_001.mp4,badminton_overswing,male
badminton_overswing_002.mp4,/content/drive/MyDrive/FINAL DATASET/badminton_overswing/badminton_overswing_002.mp4,badminton_overswing,male
badminton_overswing_003.mp4,/content/drive/MyDrive/FINAL DATASET/badminton_overswing/badminton_overswing_003.mp4,badminton_overswing,male
badminton_overswing_004.mp4,/content/drive/MyDrive/FINAL DATASET/badminton_overswing/badminton_overswing_004.mp4,badminton_overswing,male
badminton_overswing_005.mp4,/content/drive/MyDrive/FINAL DATASET/badminton_overswing/badminton_overswing_005.mp4,badminton_overswing,male
badminton_overswing_006.mp4,/content/drive/MyDrive/FINAL DATASET/badminton_overswing/badminton_overswing_006.mp4,badminton_overswing,male
badminton_overswing_007.mp4,/content/drive/MyDrive/FINAL DATASET/badminton_overswing/badminton_overswing_007.mp4,badminton_overswing,male
badminton_overswing_008.mp4,/content/drive/MyDrive/FINAL DATASET/badminton_overswing/badminton_overswing_008.mp4,badminton_overswing,male
badminton_overswing_009.mp4,/content/drive/MyDrive/FINAL DATASET/badminton_overswing/badminton_overswing_009.mp4,badminton_overswing,male
badminton_overswing_010.mp4,/content/drive/MyDrive/FINAL DATASET/badminton_overswing/badminton_overswing_010.mp4,badminton_overswing,male
badminton_overswing_011.mp4,/content/drive/MyDrive/FINAL DATASET/badminton_overswing/badminton_overswing_011.mp4,badminton_overswing,male
badminton_overswing_012.mp4,/content/drive/MyDrive/FINAL DATASET/badminton_overswing/badminton_overswing_012.mp4,badminton_overswing,female
badminton_overswing_013.mp4,/content/drive/MyDrive/FINAL DATASET/badminton_overswing/badminton_overswing_013.mp4,badminton_overswing,male
badminton_overswing_014.mp4,/content/drive/MyDrive/FINAL DATASET/badminton_overswing/badminton_overswing_014.mp4,badminton_overswing,male
badminton_overswing_015.mp4,/content/drive/MyDrive/FINAL DATASET/badminton_overswing/badminton_overswing_015.mp4,badminton_overswing,male
badminton_overswing_016.mp4,/content/drive/MyDrive/FINAL DATASET/badminton_overswing/badminton_overswing_016.mp4,badminton_overswing,female
badminton_overswing_017.mp4,/content/drive/MyDrive/FINAL DATASET/badminton_overswing/badminton_overswing_017.mp4,badminton_overswing,male
badminton_overswing_018.mp4,/content/drive/MyDrive/FINAL DATASET/badminton_overswing/badminton_overswing_018.mp4,badminton_overswing,female
badminton_overswing_019.mp4,/content/drive/MyDrive/FINAL DATASET/badminton_overswing/badminton_overswing_019.mp4,badminton_overswing,female
badminton_serve_000.mp4,/content/drive/MyDrive/FINAL DATASET/badminton_serve/badminton_serve_000.mp4,badminton_serve,male
badminton_serve_001.mp4,/content/drive/MyDrive/FINAL DATASET/badminton_serve/badminton_serve_001.mp4,badminton_serve,male
badminton_serve_002.mp4,/content/drive/MyDrive/FINAL DATASET/badminton_serve/badminton_serve_002.mp4,badminton_serve,male
badminton_serve_003.mp4,/content/drive/MyDrive/FINAL DATASET/badminton_serve/badminton_serve_003.mp4,badminton_serve,male
badminton_serve_004.mp4,/content/drive/MyDrive/FINAL DATASET/badminton_serve/badminton_serve_004.mp4,badminton_serve,female
badminton_serve_005.mp4,/content/drive/MyDrive/FINAL DATASET/badminton_serve/badminton_serve_005.mp4,badminton_serve,male
badminton_serve_006.mp4,/content/drive/MyDrive/FINAL DATASET/badminton_serve/badminton_serve_006.mp4,badminton_serve,male
badminton_serve_007.mp4,/content/drive/MyDrive/FINAL DATASET/badminton_serve/badminton_serve_007.mp4,badminton_serve,male
badminton_serve_008.mp4,/content/drive/MyDrive/FINAL DATASET/badminton_serve/badminton_serve_008.mp4,badminton_serve,female
badminton_serve_009.mp4,/content/drive/MyDrive/FINAL DATASET/badminton_serve/badminton_serve_009.mp4,badminton_serve,female
badminton_serve_010.mp4,/content/drive/MyDrive/FINAL DATASET/badminton_serve/badminton_serve_010.mp4,badminton_serve,female
badminton_serve_011.mp4,/content/drive/MyDrive/FINAL DATASET/badminton_serve/badminton_serve_011.mp4,badminton_serve,male
badminton_serve_012.mp4,/content/drive/MyDrive/FINAL DATASET/badminton_serve/badminton_serve_012.mp4,badminton_serve,male
badminton_serve_013.mp4,/content/drive/MyDrive/FINAL DATASET/badminton_serve/badminton_serve_013.mp4,badminton_serve,male
badminton_serve_014.mp4,/content/drive/MyDrive/FINAL DATASET/badminton_serve/badminton_serve_014.mp4,badminton_serve,male
badminton_serve_015.mp4,/content/drive/MyDrive/FINAL DATASET/badminton_serve/badminton_serve_015.mp4,badminton_serve,male
badminton_serve_016.mp4,/content/drive/MyDrive/FINAL DATASET/badminton_serve/badminton_serve_016.mp4,badminton_serve,male
badminton_serve_017.mp4,/content/drive/MyDrive/FINAL DATASET/badminton_serve/badminton_serve_017.mp4,badminton_serve,male
badminton_serve_018.mp4,/content/drive/MyDrive/FINAL DATASET/badminton_serve/badminton_serve_018.mp4,badminton_serve,male
badminton_serve_019.mp4,/content/drive/MyDrive/FINAL DATASET/badminton_serve/badminton_serve_019.mp4,badminton_serve,male
badminton_underswing_000.mp4,/content/drive/MyDrive/FINAL DATASET/badminton_underswing/badminton_underswing_000.mp4,badminton_underswing,female
badminton_underswing_001.mp4,/content/drive/MyDrive/FINAL DATASET/badminton_underswing/badminton_underswing_001.mp4,badminton_underswing,male
badminton_underswing_002.mp4,/content/drive/MyDrive/FINAL DATASET/badminton_underswing/badminton_underswing_002.mp4,badminton_underswing,male
badminton_underswing_003.mp4,/content/drive/MyDrive/FINAL DATASET/badminton_underswing/badminton_underswing_003.mp4,badminton_underswing,male
badminton_underswing_004.mp4,/content/drive/MyDrive/FINAL DATASET/badminton_underswing/badminton_underswing_004.mp4,badminton_underswing,male
badminton_underswing_005.mp4,/content/drive/MyDrive/FINAL DATASET/badminton_underswing/badminton_underswing_005.mp4,badminton_underswing,female
badminton_underswing_006.mp4,/content/drive/MyDrive/FINAL DATASET/badminton_underswing/badminton_underswing_006.mp4,badminton_underswing,male
badminton_underswing_007.mp4,/content/drive/MyDrive/FINAL DATASET/badminton_underswing/badminton_underswing_007.mp4,badminton_underswing,female
badminton_underswing_008.mp4,/content/drive/MyDrive/FINAL DATASET/badminton_underswing/badminton_underswing_008.mp4,badminton_underswing,male
badminton_underswing_009.mp4,/content/drive/MyDrive/FINAL DATASET/badminton_underswing/badminton_underswing_009.mp4,badminton_underswing,male
badminton_underswing_010.mp4,/content/drive/MyDrive/FINAL DATASET/badminton_underswing/badminton_underswing_010.mp4,badminton_underswing,male
badminton_underswing_011.mp4,/content/drive/MyDrive/FINAL DATASET/badminton_underswing/badminton_underswing_011.mp4,badminton_underswing,male
badminton_underswing_012.mp4,/content/drive/MyDrive/FINAL DATASET/badminton_underswing/badminton_underswing_012.mp4,badminton_underswing,male
badminton_underswing_013.mp4,/content/drive/MyDrive/FINAL DATASET/badminton_underswing/badminton_underswing_013.mp4,badminton_underswing,male
badminton_underswing_014.mp4,/content/drive/MyDrive/FINAL DATASET/badminton_underswing/badminton_underswing_014.mp4,badminton_underswing,male
badminton_underswing_015.mp4,/content/drive/MyDrive/FINAL DATASET/badminton_underswing/badminton_underswing_015.mp4,badminton_underswing,male
badminton_underswing_016.mp4,/content/drive/MyDrive/FINAL DATASET/badminton_underswing/badminton_underswing_016.mp4,badminton_underswing,male
badminton_underswing_017.mp4,/content/drive/MyDrive/FINAL DATASET/badminton_underswing/badminton_underswing_017.mp4,badminton_underswing,male
badminton_underswing_018.mp4,/content/drive/MyDrive/FINAL DATASET/badminton_underswing/badminton_underswing_018.mp4,badminton_underswing,male
badminton_underswing_019.mp4,/content/drive/MyDrive/FINAL DATASET/badminton_underswing/badminton_underswing_019.mp4,badminton_underswing,female
diving_jump_000.mp4,/content/drive/MyDrive/FINAL DATASET/diving_jump/diving_jump_000.mp4,diving_jump,female
diving_jump_001.mp4,/content/drive/MyDrive/FINAL DATASET/diving_jump/diving_jump_001.mp4,diving_jump,female
diving_jump_002.mp4,/content/drive/MyDrive/FINAL DATASET/diving_jump/diving_jump_002.mp4,diving_jump,male
diving_jump_003.mp4,/content/drive/MyDrive/FINAL DATASET/diving_jump/diving_jump_003.mp4,diving_jump,female
diving_jump_004.mp4,/content/drive/MyDrive/FINAL DATASET/diving_jump/diving_jump_004.mp4,diving_jump,male
diving_jump_005.mp4,/content/drive/MyDrive/FINAL DATASET/diving_jump/diving_jump_005.mp4,diving_jump,male
diving_jump_006.mp4,/content/drive/MyDrive/FINAL DATASET/diving_jump/diving_jump_006.mp4,diving_jump,male
diving_jump_007.mp4,/content/drive/MyDrive/FINAL DATASET/diving_jump/diving_jump_007.mp4,diving_jump,female
diving_jump_008.mp4,/content/drive/MyDrive/FINAL DATASET/diving_jump/diving_jump_008.mp4,diving_jump,female
diving_jump_009.mp4,/content/drive/MyDrive/FINAL DATASET/diving_jump/diving_jump_009.mp4,diving_jump,female
diving_jump_010.mp4,/content/drive/MyDrive/FINAL DATASET/diving_jump/diving_jump_010.mp4,diving_jump,male
diving_jump_011.mp4,/content/drive/MyDrive/FINAL DATASET/diving_jump/diving_jump_011.mp4,diving_jump,male
diving_jump_012.mp4,/content/drive/MyDrive/FINAL DATASET/diving_jump/diving_jump_012.mp4,diving_jump,male
diving_jump_013.mp4,/content/drive/MyDrive/FINAL DATASET/diving_jump/diving_jump_013.mp4,diving_jump,male
diving_jump_014.mp4,/content/drive/MyDrive/FINAL DATASET/diving_jump/diving_jump_014.mp4,diving_jump,female
diving_jump_015.mp4,/content/drive/MyDrive/FINAL DATASET/diving_jump/diving_jump_015.mp4,diving_jump,female
diving_jump_016.mp4,/content/drive/MyDrive/FINAL DATASET/diving_jump/diving_jump_016.mp4,diving_jump,male
diving_jump_017.mp4,/content/drive/MyDrive/FINAL DATASET/diving_jump/diving_jump_017.mp4,diving_jump,female
diving_jump_018.mp4,/content/drive/MyDrive/FINAL DATASET/diving_jump/diving_jump_018.mp4,diving_jump,female
diving_jump_019.mp4,/content/drive/MyDrive/FINAL DATASET/diving_jump/diving_jump_019.mp4,diving_jump,male
diving_rotate_000.mp4,/content/drive/MyDrive/FINAL DATASET/diving_rotate/diving_rotate_000.mp4,diving_rotate,female
diving_rotate_001.mp4,/content/drive/MyDrive/FINAL DATASET/diving_rotate/diving_rotate_001.mp4,diving_rotate,male
diving_rotate_002.mp4,/content/drive/MyDrive/FINAL DATASET/diving_rotate/diving_rotate_002.mp4,diving_rotate,male
diving_rotate_003.mp4,/content/drive/MyDrive/FINAL DATASET/diving_rotate/diving_rotate_003.mp4,diving_rotate,female
diving_rotate_004.mp4,/content/drive/MyDrive/FINAL DATASET/diving_rotate/diving_rotate_004.mp4,diving_rotate,male
diving_rotate_005.mp4,/content/drive/MyDrive/FINAL DATASET/diving_rotate/diving_rotate_005.mp4,diving_rotate,male
diving_rotate_006.mp4,/content/drive/MyDrive/FINAL DATASET/diving_rotate/diving_rotate_006.mp4,diving_rotate,male
diving_rotate_007.mp4,/content/drive/MyDrive/FINAL DATASET/diving_rotate/diving_rotate_007.mp4,diving_rotate,female
diving_rotate_008.mp4,/content/drive/MyDrive/FINAL DATASET/diving_rotate/diving_rotate_008.mp4,diving_rotate,female
diving_rotate_009.mp4,/content/drive/MyDrive/FINAL DATASET/diving_rotate/diving_rotate_009.mp4,diving_rotate,female
diving_rotate_010.mp4,/content/drive/MyDrive/FINAL DATASET/diving_rotate/diving_rotate_010.mp4,diving_rotate,male
diving_rotate_011.mp4,/content/drive/MyDrive/FINAL DATASET/diving_rotate/diving_rotate_011.mp4,diving_rotate,male
diving_rotate_012.mp4,/content/drive/MyDrive/FINAL DATASET/diving_rotate/diving_rotate_012.mp4,diving_rotate,male
diving_rotate_013.mp4,/content/drive/MyDrive/FINAL DATASET/diving_rotate/diving_rotate_013.mp4,diving_rotate,male
diving_rotate_014.mp4,/content/drive/MyDrive/FINAL DATASET/diving_rotate/diving_rotate_014.mp4,diving_rotate,female
diving_rotate_015.mp4,/content/drive/MyDrive/FINAL DATASET/diving_rotate/diving_rotate_015.mp4,diving_rotate,male
diving_rotate_016.mp4,/content/drive/MyDrive/FINAL DATASET/diving_rotate/diving_rotate_016.mp4,diving_rotate,male
diving_rotate_017.mp4,/content/drive/MyDrive/FINAL DATASET/diving_rotate/diving_rotate_017.mp4,diving_rotate,female
diving_rotate_018.mp4,/content/drive/MyDrive/FINAL DATASET/diving_rotate/diving_rotate_018.mp4,diving_rotate,female
diving_rotate_019.mp4,/content/drive/MyDrive/FINAL DATASET/diving_rotate/diving_rotate_019.mp4,diving_rotate,male
golf_swing_000.mp4,/content/drive/MyDrive/FINAL DATASET/golf_swing/golf_swing_000.mp4,golf_swing,female
golf_swing_001.mp4,/content/drive/MyDrive/FINAL DATASET/golf_swing/golf_swing_001.mp4,golf_swing,female
golf_swing_002.mp4,/content/drive/MyDrive/FINAL DATASET/golf_swing/golf_swing_002.mp4,golf_swing,male
golf_swing_003.mp4,/content/drive/MyDrive/FINAL DATASET/golf_swing/golf_swing_003.mp4,golf_swing,male
golf_swing_004.mp4,/content/drive/MyDrive/FINAL DATASET/golf_swing/golf_swing_004.mp4,golf_swing,male
golf_swing_005.mp4,/content/drive/MyDrive/FINAL DATASET/golf_swing/golf_swing_005.mp4,golf_swing,male
golf_swing_006.mp4,/content/drive/MyDrive/FINAL DATASET/golf_swing/golf_swing_006.mp4,golf_swing,female
golf_swing_007.mp4,/content/drive/MyDrive/FINAL DATASET/golf_swing/golf_swing_007.mp4,golf_swing,male
golf_swing_008.mp4,/content/drive/MyDrive/FINAL DATASET/golf_swing/golf_swing_008.mp4,golf_swing,male
golf_swing_009.mp4,/content/drive/MyDrive/FINAL DATASET/golf_swing/golf_swing_009.mp4,golf_swing,male
golf_swing_010.mp4,/content/drive/MyDrive/FINAL DATASET/golf_swing/golf_swing_010.mp4,golf_swing,male
golf_swing_011.mp4,/content/drive/MyDrive/FINAL DATASET/golf_swing/golf_swing_011.mp4,golf_swing,male
golf_swing_012.mp4,/content/drive/MyDrive/FINAL DATASET/golf_swing/golf_swing_012.mp4,golf_swing,male
golf_swing_013.mp4,/content/drive/MyDrive/FINAL DATASET/golf_swing/golf_swing_013.mp4,golf_swing,female
golf_swing_014.mp4,/content/drive/MyDrive/FINAL DATASET/golf_swing/golf_swing_014.mp4,golf_swing,female
golf_swing_015.mp4,/content/drive/MyDrive/FINAL DATASET/golf_swing/golf_swing_015.mp4,golf_swing,male
golf_swing_016.mp4,/content/drive/MyDrive/FINAL DATASET/golf_swing/golf_swing_016.mp4,golf_swing,male
golf_swing_017.mp4,/content/drive/MyDrive/FINAL DATASET/golf_swing/golf_swing_017.mp4,golf_swing,male
golf_swing_018.mp4,/content/drive/MyDrive/FINAL DATASET/golf_swing/golf_swing_018.mp4,golf_swing,male
golf_swing_019.mp4,/content/drive/MyDrive/FINAL DATASET/golf_swing/golf_swing_019.mp4,golf_swing,male
gym_lift_000.mp4,/content/drive/MyDrive/FINAL DATASET/gym_lift/gym_lift_000.mp4,gym_lift,male
gym_lift_001.mp4,/content/drive/MyDrive/FINAL DATASET/gym_lift/gym_lift_001.mp4,gym_lift,male
gym_lift_002.mp4,/content/drive/MyDrive/FINAL DATASET/gym_lift/gym_lift_002.mp4,gym_lift,male
gym_lift_003.mp4,/content/drive/MyDrive/FINAL DATASET/gym_lift/gym_lift_003.mp4,gym_lift,female
gym_lift_004.mp4,/content/drive/MyDrive/FINAL DATASET/gym_lift/gym_lift_004.mp4,gym_lift,male
gym_lift_005.mp4,/content/drive/MyDrive/FINAL DATASET/gym_lift/gym_lift_005.mp4,gym_lift,female
gym_lift_006.mp4,/content/drive/MyDrive/FINAL DATASET/gym_lift/gym_lift_006.mp4,gym_lift,male
gym_lift_007.mp4,/content/drive/MyDrive/FINAL DATASET/gym_lift/gym_lift_007.mp4,gym_lift,male
gym_lift_008.mp4,/content/drive/MyDrive/FINAL DATASET/gym_lift/gym_lift_008.mp4,gym_lift,female
gym_lift_009.mp4,/content/drive/MyDrive/FINAL DATASET/gym_lift/gym_lift_009.mp4,gym_lift,female
gym_lift_010.mp4,/content/drive/MyDrive/FINAL DATASET/gym_lift/gym_lift_010.mp4,gym_lift,male
gym_lift_011.mp4,/content/drive/MyDrive/FINAL DATASET/gym_lift/gym_lift_011.mp4,gym_lift,male
gym_lift_012.mp4,/content/drive/MyDrive/FINAL DATASET/gym_lift/gym_lift_012.mp4,gym_lift,male
gym_lift_013.mp4,/content/drive/MyDrive/FINAL DATASET/gym_lift/gym_lift_013.mp4,gym_lift,female
gym_lift_014.mp4,/content/drive/MyDrive/FINAL DATASET/gym_lift/gym_lift_014.mp4,gym_lift,male
gym_lift_015.mp4,/content/drive/MyDrive/FINAL DATASET/gym_lift/gym_lift_015.mp4,gym_lift,female
gym_lift_016.mp4,/content/drive/MyDrive/FINAL DATASET/gym_lift/gym_lift_016.mp4,gym_lift,female
gym_lift_017.mp4,/content/drive/MyDrive/FINAL DATASET/gym_lift/gym_lift_017.mp4,gym_lift,female
gym_lift_018.mp4,/content/drive/MyDrive/FINAL DATASET/gym_lift/gym_lift_018.mp4,gym_lift,female
gym_lift_019.mp4,/content/drive/MyDrive/FINAL DATASET/gym_lift/gym_lift_019.mp4,gym_lift,female
gym_lunges_000.mp4,/content/drive/MyDrive/FINAL DATASET/gym_lunges/gym_lunges_000.mp4,gym_lunges,male
gym_lunges_001.mp4,/content/drive/MyDrive/FINAL DATASET/gym_lunges/gym_lunges_001.mp4,gym_lunges,female
gym_lunges_002.mp4,/content/drive/MyDrive/FINAL DATASET/gym_lunges/gym_lunges_002.mp4,gym_lunges,male
gym_lunges_003.mp4,/content/drive/MyDrive/FINAL DATASET/gym_lunges/gym_lunges_003.mp4,gym_lunges,male
gym_lunges_004.mp4,/content/drive/MyDrive/FINAL DATASET/gym_lunges/gym_lunges_004.mp4,gym_lunges,female
gym_lunges_005.mp4,/content/drive/MyDrive/FINAL DATASET/gym_lunges/gym_lunges_005.mp4,gym_lunges,male
gym_lunges_006.mp4,/content/drive/MyDrive/FINAL DATASET/gym_lunges/gym_lunges_006.mp4,gym_lunges,female
gym_lunges_007.mp4,/content/drive/MyDrive/FINAL DATASET/gym_lunges/gym_lunges_007.mp4,gym_lunges,female
gym_lunges_008.mp4,/content/drive/MyDrive/FINAL DATASET/gym_lunges/gym_lunges_008.mp4,gym_lunges,female
gym_lunges_009.mp4,/content/drive/MyDrive/FINAL DATASET/gym_lunges/gym_lunges_009.mp4,gym_lunges,male
gym_lunges_010.mp4,/content/drive/MyDrive/FINAL DATASET/gym_lunges/gym_lunges_010.mp4,gym_lunges,female
gym_lunges_011.mp4,/content/drive/MyDrive/FINAL DATASET/gym_lunges/gym_lunges_011.mp4,gym_lunges,male
gym_lunges_012.mp4,/content/drive/MyDrive/FINAL DATASET/gym_lunges/gym_lunges_012.mp4,gym_lunges,male
gym_lunges_013.mp4,/content/drive/MyDrive/FINAL DATASET/gym_lunges/gym_lunges_013.mp4,gym_lunges,male
gym_lunges_014.mp4,/content/drive/MyDrive/FINAL DATASET/gym_lunges/gym_lunges_014.mp4,gym_lunges,female
gym_lunges_015.mp4,/content/drive/MyDrive/FINAL DATASET/gym_lunges/gym_lunges_015.mp4,gym_lunges,male
gym_lunges_016.mp4,/content/drive/MyDrive/FINAL DATASET/gym_lunges/gym_lunges_016.mp4,gym_lunges,male
gym_lunges_017.mp4,/content/drive/MyDrive/FINAL DATASET/gym_lunges/gym_lunges_017.mp4,gym_lunges,female
gym_lunges_018.mp4,/content/drive/MyDrive/FINAL DATASET/gym_lunges/gym_lunges_018.mp4,gym_lunges,male
gym_lunges_019.mp4,/content/drive/MyDrive/FINAL DATASET/gym_lunges/gym_lunges_019.mp4,gym_lunges,female
gym_plank_000.mp4,/content/drive/MyDrive/FINAL DATASET/gym_plank/gym_plank_000.mp4,gym_plank,male
gym_plank_001.mp4,/content/drive/MyDrive/FINAL DATASET/gym_plank/gym_plank_001.mp4,gym_plank,female
gym_plank_002.mp4,/content/drive/MyDrive/FINAL DATASET/gym_plank/gym_plank_002.mp4,gym_plank,female
gym_plank_003.mp4,/content/drive/MyDrive/FINAL DATASET/gym_plank/gym_plank_003.mp4,gym_plank,female
gym_plank_004.mp4,/content/drive/MyDrive/FINAL DATASET/gym_plank/gym_plank_004.mp4,gym_plank,female
gym_plank_005.mp4,/content/drive/MyDrive/FINAL DATASET/gym_plank/gym_plank_005.mp4,gym_plank,female
gym_plank_006.mp4,/content/drive/MyDrive/FINAL DATASET/gym_plank/gym_plank_006.mp4,gym_plank,female
gym_plank_007.mp4,/content/drive/MyDrive/FINAL DATASET/gym_plank/gym_plank_007.mp4,gym_plank,female
gym_plank_008.mp4,/content/drive/MyDrive/FINAL DATASET/gym_plank/gym_plank_008.mp4,gym_plank,male
gym_plank_009.mp4,/content/drive/MyDrive/FINAL DATASET/gym_plank/gym_plank_009.mp4,gym_plank,male
gym_plank_010.mp4,/content/drive/MyDrive/FINAL DATASET/gym_plank/gym_plank_010.mp4,gym_plank,male
gym_plank_011.mp4,/content/drive/MyDrive/FINAL DATASET/gym_plank/gym_plank_011.mp4,gym_plank,female
gym_plank_012.mp4,/content/drive/MyDrive/FINAL DATASET/gym_plank/gym_plank_012.mp4,gym_plank,male
gym_plank_013.mp4,/content/drive/MyDrive/FINAL DATASET/gym_plank/gym_plank_013.mp4,gym_plank,female
gym_plank_014.mp4,/content/drive/MyDrive/FINAL DATASET/gym_plank/gym_plank_014.mp4,gym_plank,male
gym_plank_015.mp4,/content/drive/MyDrive/FINAL DATASET/gym_plank/gym_plank_015.mp4,gym_plank,female
gym_plank_016.mp4,/content/drive/MyDrive/FINAL DATASET/gym_plank/gym_plank_016.mp4,gym_plank,male
gym_plank_017.mp4,/content/drive/MyDrive/FINAL DATASET/gym_plank/gym_plank_017.mp4,gym_plank,female
gym_plank_018.mp4,/content/drive/MyDrive/FINAL DATASET/gym_plank/gym_plank_018.mp4,gym_plank,male
gym_plank_019.mp4,/content/drive/MyDrive/FINAL DATASET/gym_plank/gym_plank_019.mp4,gym_plank,male
gym_pull_000.mp4,/content/drive/MyDrive/FINAL DATASET/gym_pull/gym_pull_000.mp4,gym_pull,male
gym_pull_001.mp4,/content/drive/MyDrive/FINAL DATASET/gym_pull/gym_pull_001.mp4,gym_pull,male
gym_pull_002.mp4,/content/drive/MyDrive/FINAL DATASET/gym_pull/gym_pull_002.mp4,gym_pull,male
gym_pull_003.mp4,/content/drive/MyDrive/FINAL DATASET/gym_pull/gym_pull_003.mp4,gym_pull,male
gym_pull_004.mp4,/content/drive/MyDrive/FINAL DATASET/gym_pull/gym_pull_004.mp4,gym_pull,male
gym_pull_005.mp4,/content/drive/MyDrive/FINAL DATASET/gym_pull/gym_pull_005.mp4,gym_pull,female
gym_pull_006.mp4,/content/drive/MyDrive/FINAL DATASET/gym_pull/gym_pull_006.mp4,gym_pull,female
gym_pull_007.mp4,/content/drive/MyDrive/FINAL DATASET/gym_pull/gym_pull_007.mp4,gym_pull,female
gym_pull_008.mp4,/content/drive/MyDrive/FINAL DATASET/gym_pull/gym_pull_008.mp4,gym_pull,male
gym_pull_009.mp4,/content/drive/MyDrive/FINAL DATASET/gym_pull/gym_pull_009.mp4,gym_pull,male
gym_pull_010.mp4,/content/drive/MyDrive/FINAL DATASET/gym_pull/gym_pull_010.mp4,gym_pull,male
gym_pull_011.mp4,/content/drive/MyDrive/FINAL DATASET/gym_pull/gym_pull_011.mp4,gym_pull,male
gym_pull_012.mp4,/content/drive/MyDrive/FINAL DATASET/gym_pull/gym_pull_012.mp4,gym_pull,male
gym_pull_013.mp4,/content/drive/MyDrive/FINAL DATASET/gym_pull/gym_pull_013.mp4,gym_pull,male
gym_pull_014.mp4,/content/drive/MyDrive/FINAL DATASET/gym_pull/gym_pull_014.mp4,gym_pull,female
gym_pull_015.mp4,/content/drive/MyDrive/FINAL DATASET/gym_pull/gym_pull_015.mp4,gym_pull,female
gym_pull_016.mp4,/content/drive/MyDrive/FINAL DATASET/gym_pull/gym_pull_016.mp4,gym_pull,male
gym_pull_017.mp4,/content/drive/MyDrive/FINAL DATASET/gym_pull/gym_pull_017.mp4,gym_pull,female
gym_pull_018.mp4,/content/drive/MyDrive/FINAL DATASET/gym_pull/gym_pull_018.mp4,gym_pull,male
gym_pull_019.mp4,/content/drive/MyDrive/FINAL DATASET/gym_pull/gym_pull_019.mp4,gym_pull,male
gym_push_000.mp4,/content/drive/MyDrive/FINAL DATASET/gym_push/gym_push_000.mp4,gym_push,female
gym_push_001.mp4,/content/drive/MyDrive/FINAL DATASET/gym_push/gym_push_001.mp4,gym_push,male
gym_push_002.mp4,/content/drive/MyDrive/FINAL DATASET/gym_push/gym_push_002.mp4,gym_push,male
gym_push_003.mp4,/content/drive/MyDrive/FINAL DATASET/gym_push/gym_push_003.mp4,gym_push,female
gym_push_004.mp4,/content/drive/MyDrive/FINAL DATASET/gym_push/gym_push_004.mp4,gym_push,male
gym_push_005.mp4,/content/drive/MyDrive/FINAL DATASET/gym_push/gym_push_005.mp4,gym_push,male
gym_push_006.mp4,/content/drive/MyDrive/FINAL DATASET/gym_push/gym_push_006.mp4,gym_push,male
gym_push_007.mp4,/content/drive/MyDrive/FINAL DATASET/gym_push/gym_push_007.mp4,gym_push,male
gym_push_008.mp4,/content/drive/MyDrive/FINAL DATASET/gym_push/gym_push_008.mp4,gym_push,male
gym_push_009.mp4,/content/drive/MyDrive/FINAL DATASET/gym_push/gym_push_009.mp4,gym_push,male
gym_push_010.mp4,/content/drive/MyDrive/FINAL DATASET/gym_push/gym_push_010.mp4,gym_push,male
gym_push_011.mp4,/content/drive/MyDrive/FINAL DATASET/gym_push/gym_push_011.mp4,gym_push,female
gym_push_012.mp4,/content/drive/MyDrive/FINAL DATASET/gym_push/gym_push_012.mp4,gym_push,male
gym_push_013.mp4,/content/drive/MyDrive/FINAL DATASET/gym_push/gym_push_013.mp4,gym_push,female
gym_push_014.mp4,/content/drive/MyDrive/FINAL DATASET/gym_push/gym_push_014.mp4,gym_push,male
gym_push_015.mp4,/content/drive/MyDrive/FINAL DATASET/gym_push/gym_push_015.mp4,gym_push,male
gym_push_016.mp4,/content/drive/MyDrive/FINAL DATASET/gym_push/gym_push_016.mp4,gym_push,female
gym_push_017.mp4,/content/drive/MyDrive/FINAL DATASET/gym_push/gym_push_017.mp4,gym_push,female
gym_push_018.mp4,/content/drive/MyDrive/FINAL DATASET/gym_push/gym_push_018.mp4,gym_push,female
gym_push_019.mp4,/content/drive/MyDrive/FINAL DATASET/gym_push/gym_push_019.mp4,gym_push,male
gym_ride_000.mp4,/content/drive/MyDrive/FINAL DATASET/gym_ride/gym_ride_000.mp4,gym_ride,female
gym_ride_001.mp4,/content/drive/MyDrive/FINAL DATASET/gym_ride/gym_ride_001.mp4,gym_ride,female
gym_ride_002.mp4,/content/drive/MyDrive/FINAL DATASET/gym_ride/gym_ride_002.mp4,gym_ride,male
gym_ride_003.mp4,/content/drive/MyDrive/FINAL DATASET/gym_ride/gym_ride_003.mp4,gym_ride,male
gym_ride_004.mp4,/content/drive/MyDrive/FINAL DATASET/gym_ride/gym_ride_004.mp4,gym_ride,male
gym_ride_005.mp4,/content/drive/MyDrive/FINAL DATASET/gym_ride/gym_ride_005.mp4,gym_ride,female
gym_ride_006.mp4,/content/drive/MyDrive/FINAL DATASET/gym_ride/gym_ride_006.mp4,gym_ride,female
gym_ride_007.mp4,/content/drive/MyDrive/FINAL DATASET/gym_ride/gym_ride_007.mp4,gym_ride,female
gym_ride_008.mp4,/content/drive/MyDrive/FINAL DATASET/gym_ride/gym_ride_008.mp4,gym_ride,female
gym_ride_009.mp4,/content/drive/MyDrive/FINAL DATASET/gym_ride/gym_ride_009.mp4,gym_ride,female
gym_ride_010.mp4,/content/drive/MyDrive/FINAL DATASET/gym_ride/gym_ride_010.mp4,gym_ride,female
gym_ride_011.mp4,/content/drive/MyDrive/FINAL DATASET/gym_ride/gym_ride_011.mp4,gym_ride,female
gym_ride_012.mp4,/content/drive/MyDrive/FINAL DATASET/gym_ride/gym_ride_012.mp4,gym_ride,male
gym_ride_013.mp4,/content/drive/MyDrive/FINAL DATASET/gym_ride/gym_ride_013.mp4,gym_ride,female
gym_ride_014.mp4,/content/drive/MyDrive/FINAL DATASET/gym_ride/gym_ride_014.mp4,gym_ride,female
gym_ride_015.mp4,/content/drive/MyDrive/FINAL DATASET/gym_ride/gym_ride_015.mp4,gym_ride,female
gym_ride_016.mp4,/content/drive/MyDrive/FINAL DATASET/gym_ride/gym_ride_016.mp4,gym_ride,female
gym_ride_017.mp4,/content/drive/MyDrive/FINAL DATASET/gym_ride/gym_ride_017.mp4,gym_ride,male
gym_ride_018.mp4,/content/drive/MyDrive/FINAL DATASET/gym_ride/gym_ride_018.mp4,gym_ride,female
gym_ride_019.mp4,/content/drive/MyDrive/FINAL DATASET/gym_ride/gym_ride_019.mp4,gym_ride,male
gym_run_000.mp4,/content/drive/MyDrive/FINAL DATASET/gym_run/gym_run_000.mp4,gym_run,female
gym_run_001.mp4,/content/drive/MyDrive/FINAL DATASET/gym_run/gym_run_001.mp4,gym_run,male
gym_run_002.mp4,/content/drive/MyDrive/FINAL DATASET/gym_run/gym_run_002.mp4,gym_run,female
gym_run_003.mp4,/content/drive/MyDrive/FINAL DATASET/gym_run/gym_run_003.mp4,gym_run,female
gym_run_004.mp4,/content/drive/MyDrive/FINAL DATASET/gym_run/gym_run_004.mp4,gym_run,female
gym_run_005.mp4,/content/drive/MyDrive/FINAL DATASET/gym_run/gym_run_005.mp4,gym_run,male
gym_run_006.mp4,/content/drive/MyDrive/FINAL DATASET/gym_run/gym_run_006.mp4,gym_run,female
gym_run_007.mp4,/content/drive/MyDrive/FINAL DATASET/gym_run/gym_run_007.mp4,gym_run,female
gym_run_008.mp4,/content/drive/MyDrive/FINAL DATASET/gym_run/gym_run_008.mp4,gym_run,male
gym_run_009.mp4,/content/drive/MyDrive/FINAL DATASET/gym_run/gym_run_009.mp4,gym_run,male
gym_run_010.mp4,/content/drive/MyDrive/FINAL DATASET/gym_run/gym_run_010.mp4,gym_run,male
gym_run_011.mp4,/content/drive/MyDrive/FINAL DATASET/gym_run/gym_run_011.mp4,gym_run,female
gym_run_012.mp4,/content/drive/MyDrive/FINAL DATASET/gym_run/gym_run_012.mp4,gym_run,female
gym_run_013.mp4,/content/drive/MyDrive/FINAL DATASET/gym_run/gym_run_013.mp4,gym_run,female
gym_run_014.mp4,/content/drive/MyDrive/FINAL DATASET/gym_run/gym_run_014.mp4,gym_run,female
gym_run_015.mp4,/content/drive/MyDrive/FINAL DATASET/gym_run/gym_run_015.mp4,gym_run,female
gym_run_016.mp4,/content/drive/MyDrive/FINAL DATASET/gym_run/gym_run_016.mp4,gym_run,male
gym_run_017.mp4,/content/drive/MyDrive/FINAL DATASET/gym_run/gym_run_017.mp4,gym_run,female
gym_run_018.mp4,/content/drive/MyDrive/FINAL DATASET/gym_run/gym_run_018.mp4,gym_run,female
gym_run_019.mp4,/content/drive/MyDrive/FINAL DATASET/gym_run/gym_run_019.mp4,gym_run,male
gym_squat_000.mp4,/content/drive/MyDrive/FINAL DATASET/gym_squat/gym_squat_000.mp4,gym_squat,female
gym_squat_001.mp4,/content/drive/MyDrive/FINAL DATASET/gym_squat/gym_squat_001.mp4,gym_squat,female
gym_squat_002.mp4,/content/drive/MyDrive/FINAL DATASET/gym_squat/gym_squat_002.mp4,gym_squat,female
gym_squat_003.mp4,/content/drive/MyDrive/FINAL DATASET/gym_squat/gym_squat_003.mp4,gym_squat,female
gym_squat_004.mp4,/content/drive/MyDrive/FINAL DATASET/gym_squat/gym_squat_004.mp4,gym_squat,female
gym_squat_005.mp4,/content/drive/MyDrive/FINAL DATASET/gym_squat/gym_squat_005.mp4,gym_squat,female
gym_squat_006.mp4,/content/drive/MyDrive/FINAL DATASET/gym_squat/gym_squat_006.mp4,gym_squat,female
gym_squat_007.mp4,/content/drive/MyDrive/FINAL DATASET/gym_squat/gym_squat_007.mp4,gym_squat,female
gym_squat_008.mp4,/content/drive/MyDrive/FINAL DATASET/gym_squat/gym_squat_008.mp4,gym_squat,female
gym_squat_009.mp4,/content/drive/MyDrive/FINAL DATASET/gym_squat/gym_squat_009.mp4,gym_squat,female
gym_squat_010.mp4,/content/drive/MyDrive/FINAL DATASET/gym_squat/gym_squat_010.mp4,gym_squat,female
gym_squat_011.mp4,/content/drive/MyDrive/FINAL DATASET/gym_squat/gym_squat_011.mp4,gym_squat,male
gym_squat_012.mp4,/content/drive/MyDrive/FINAL DATASET/gym_squat/gym_squat_012.mp4,gym_squat,male
gym_squat_013.mp4,/content/drive/MyDrive/FINAL DATASET/gym_squat/gym_squat_013.mp4,gym_squat,female
gym_squat_014.mp4,/content/drive/MyDrive/FINAL DATASET/gym_squat/gym_squat_014.mp4,gym_squat,female
gym_squat_015.mp4,/content/drive/MyDrive/FINAL DATASET/gym_squat/gym_squat_015.mp4,gym_squat,female
gym_squat_016.mp4,/content/drive/MyDrive/FINAL DATASET/gym_squat/gym_squat_016.mp4,gym_squat,female
gym_squat_017.mp4,/content/drive/MyDrive/FINAL DATASET/gym_squat/gym_squat_017.mp4,gym_squat,male
gym_squat_018.mp4,/content/drive/MyDrive/FINAL DATASET/gym_squat/gym_squat_018.mp4,gym_squat,female
gym_squat_019.mp4,/content/drive/MyDrive/FINAL DATASET/gym_squat/gym_squat_019.mp4,gym_squat,female
tennis_backhand_000.mp4,/content/drive/MyDrive/FINAL DATASET/tennis_backhand/tennis_backhand_000.mp4,tennis_backhand,male
tennis_backhand_001.mp4,/content/drive/MyDrive/FINAL DATASET/tennis_backhand/tennis_backhand_001.mp4,tennis_backhand,male
tennis_backhand_002.mp4,/content/drive/MyDrive/FINAL DATASET/tennis_backhand/tennis_backhand_002.mp4,tennis_backhand,male
tennis_backhand_003.mp4,/content/drive/MyDrive/FINAL DATASET/tennis_backhand/tennis_backhand_003.mp4,tennis_backhand,male
tennis_backhand_004.mp4,/content/drive/MyDrive/FINAL DATASET/tennis_backhand/tennis_backhand_004.mp4,tennis_backhand,male
tennis_backhand_005.mp4,/content/drive/MyDrive/FINAL DATASET/tennis_backhand/tennis_backhand_005.mp4,tennis_backhand,male
tennis_backhand_006.mp4,/content/drive/MyDrive/FINAL DATASET/tennis_backhand/tennis_backhand_006.mp4,tennis_backhand,male
tennis_backhand_007.mp4,/content/drive/MyDrive/FINAL DATASET/tennis_backhand/tennis_backhand_007.mp4,tennis_backhand,male
tennis_backhand_008.mp4,/content/drive/MyDrive/FINAL DATASET/tennis_backhand/tennis_backhand_008.mp4,tennis_backhand,female
tennis_backhand_009.mp4,/content/drive/MyDrive/FINAL DATASET/tennis_backhand/tennis_backhand_009.mp4,tennis_backhand,male
tennis_backhand_010.mp4,/content/drive/MyDrive/FINAL DATASET/tennis_backhand/tennis_backhand_010.mp4,tennis_backhand,male
tennis_backhand_011.mp4,/content/drive/MyDrive/FINAL DATASET/tennis_backhand/tennis_backhand_011.mp4,tennis_backhand,female
tennis_backhand_012.mp4,/content/drive/MyDrive/FINAL DATASET/tennis_backhand/tennis_backhand_012.mp4,tennis_backhand,male
tennis_backhand_013.mp4,/content/drive/MyDrive/FINAL DATASET/tennis_backhand/tennis_backhand_013.mp4,tennis_backhand,male
tennis_backhand_014.mp4,/content/drive/MyDrive/FINAL DATASET/tennis_backhand/tennis_backhand_014.mp4,tennis_backhand,male
tennis_backhand_015.mp4,/content/drive/MyDrive/FINAL DATASET/tennis_backhand/tennis_backhand_015.mp4,tennis_backhand,male
tennis_backhand_016.mp4,/content/drive/MyDrive/FINAL DATASET/tennis_backhand/tennis_backhand_016.mp4,tennis_backhand,female
tennis_backhand_017.mp4,/content/drive/MyDrive/FINAL DATASET/tennis_backhand/tennis_backhand_017.mp4,tennis_backhand,male
tennis_backhand_018.mp4,/content/drive/MyDrive/FINAL DATASET/tennis_backhand/tennis_backhand_018.mp4,tennis_backhand,male
tennis_backhand_019.mp4,/content/drive/MyDrive/FINAL DATASET/tennis_backhand/tennis_backhand_019.mp4,tennis_backhand,male
tennis_forehand_000.mp4,/content/drive/MyDrive/FINAL DATASET/tennis_forehand/tennis_forehand_000.mp4,tennis_forehand,male
tennis_forehand_001.mp4,/content/drive/MyDrive/FINAL DATASET/tennis_forehand/tennis_forehand_001.mp4,tennis_forehand,female
tennis_forehand_002.mp4,/content/drive/MyDrive/FINAL DATASET/tennis_forehand/tennis_forehand_002.mp4,tennis_forehand,male
tennis_forehand_003.mp4,/content/drive/MyDrive/FINAL DATASET/tennis_forehand/tennis_forehand_003.mp4,tennis_forehand,female
tennis_forehand_004.mp4,/content/drive/MyDrive/FINAL DATASET/tennis_forehand/tennis_forehand_004.mp4,tennis_forehand,male
tennis_forehand_005.mp4,/content/drive/MyDrive/FINAL DATASET/tennis_forehand/tennis_forehand_005.mp4,tennis_forehand,male
tennis_forehand_006.mp4,/content/drive/MyDrive/FINAL DATASET/tennis_forehand/tennis_forehand_006.mp4,tennis_forehand,female
tennis_forehand_007.mp4,/content/drive/MyDrive/FINAL DATASET/tennis_forehand/tennis_forehand_007.mp4,tennis_forehand,male
tennis_forehand_008.mp4,/content/drive/MyDrive/FINAL DATASET/tennis_forehand/tennis_forehand_008.mp4,tennis_forehand,female
tennis_forehand_009.mp4,/content/drive/MyDrive/FINAL DATASET/tennis_forehand/tennis_forehand_009.mp4,tennis_forehand,male
tennis_forehand_010.mp4,/content/drive/MyDrive/FINAL DATASET/tennis_forehand/tennis_forehand_010.mp4,tennis_forehand,male
tennis_forehand_011.mp4,/content/drive/MyDrive/FINAL DATASET/tennis_forehand/tennis_forehand_011.mp4,tennis_forehand,male
tennis_forehand_012.mp4,/content/drive/MyDrive/FINAL DATASET/tennis_forehand/tennis_forehand_012.mp4,tennis_forehand,male
tennis_forehand_013.mp4,/content/drive/MyDrive/FINAL DATASET/tennis_forehand/tennis_forehand_013.mp4,tennis_forehand,female
tennis_forehand_014.mp4,/content/drive/MyDrive/FINAL DATASET/tennis_forehand/tennis_forehand_014.mp4,tennis_forehand,male
tennis_forehand_015.mp4,/content/drive/MyDrive/FINAL DATASET/tennis_forehand/tennis_forehand_015.mp4,tennis_forehand,female
tennis_forehand_016.mp4,/content/drive/MyDrive/FINAL DATASET/tennis_forehand/tennis_forehand_016.mp4,tennis_forehand,male
tennis_forehand_017.mp4,/content/drive/MyDrive/FINAL DATASET/tennis_forehand/tennis_forehand_017.mp4,tennis_forehand,male
tennis_forehand_018.mp4,/content/drive/MyDrive/FINAL DATASET/tennis_forehand/tennis_forehand_018.mp4,tennis_forehand,male
tennis_forehand_019.mp4,/content/drive/MyDrive/FINAL DATASET/tennis_forehand/tennis_forehand_019.mp4,tennis_forehand,male
tennis_serve_000.mp4,/content/drive/MyDrive/FINAL DATASET/tennis_serve/tennis_serve_000.mp4,tennis_serve,male
tennis_serve_001.mp4,/content/drive/MyDrive/FINAL DATASET/tennis_serve/tennis_serve_001.mp4,tennis_serve,male
tennis_serve_002.mp4,/content/drive/MyDrive/FINAL DATASET/tennis_serve/tennis_serve_002.mp4,tennis_serve,female
tennis_serve_003.mp4,/content/drive/MyDrive/FINAL DATASET/tennis_serve/tennis_serve_003.mp4,tennis_serve,male
tennis_serve_004.mp4,/content/drive/MyDrive/FINAL DATASET/tennis_serve/tennis_serve_004.mp4,tennis_serve,male
tennis_serve_005.mp4,/content/drive/MyDrive/FINAL DATASET/tennis_serve/tennis_serve_005.mp4,tennis_serve,male
tennis_serve_006.mp4,/content/drive/MyDrive/FINAL DATASET/tennis_serve/tennis_serve_006.mp4,tennis_serve,male
tennis_serve_007.mp4,/content/drive/MyDrive/FINAL DATASET/tennis_serve/tennis_serve_007.mp4,tennis_serve,male
tennis_serve_008.mp4,/content/drive/MyDrive/FINAL DATASET/tennis_serve/tennis_serve_008.mp4,tennis_serve,male
tennis_serve_009.mp4,/content/drive/MyDrive/FINAL DATASET/tennis_serve/tennis_serve_009.mp4,tennis_serve,male
tennis_serve_010.mp4,/content/drive/MyDrive/FINAL DATASET/tennis_serve/tennis_serve_010.mp4,tennis_serve,female
tennis_serve_011.mp4,/content/drive/MyDrive/FINAL DATASET/tennis_serve/tennis_serve_011.mp4,tennis_serve,male
tennis_serve_012.mp4,/content/drive/MyDrive/FINAL DATASET/tennis_serve/tennis_serve_012.mp4,tennis_serve,male
tennis_serve_013.mp4,/content/drive/MyDrive/FINAL DATASET/tennis_serve/tennis_serve_013.mp4,tennis_serve,male
tennis_serve_014.mp4,/content/drive/MyDrive/FINAL DATASET/tennis_serve/tennis_serve_014.mp4,tennis_serve,male
tennis_serve_015.mp4,/content/drive/MyDrive/FINAL DATASET/tennis_serve/tennis_serve_015.mp4,tennis_serve,male
tennis_serve_016.mp4,/content/drive/MyDrive/FINAL DATASET/tennis_serve/tennis_serve_016.mp4,tennis_serve,male
tennis_serve_017.mp4,/content/drive/MyDrive/FINAL DATASET/tennis_serve/tennis_serve_017.mp4,tennis_serve,male
tennis_serve_018.mp4,/content/drive/MyDrive/FINAL DATASET/tennis_serve/tennis_serve_018.mp4,tennis_serve,male
tennis_serve_019.mp4,/content/drive/MyDrive/FINAL DATASET/tennis_serve/tennis_serve_019.mp4,tennis_serve,female
yoga_bridge_000.mp4,/content/drive/MyDrive/FINAL DATASET/yoga_bridge/yoga_bridge_000.mp4,yoga_bridge,female
yoga_bridge_001.mp4,/content/drive/MyDrive/FINAL DATASET/yoga_bridge/yoga_bridge_001.mp4,yoga_bridge,female
yoga_bridge_002.mp4,/content/drive/MyDrive/FINAL DATASET/yoga_bridge/yoga_bridge_002.mp4,yoga_bridge,female
yoga_bridge_003.mp4,/content/drive/MyDrive/FINAL DATASET/yoga_bridge/yoga_bridge_003.mp4,yoga_bridge,female
yoga_bridge_004.mp4,/content/drive/MyDrive/FINAL DATASET/yoga_bridge/yoga_bridge_004.mp4,yoga_bridge,female
yoga_bridge_005.mp4,/content/drive/MyDrive/FINAL DATASET/yoga_bridge/yoga_bridge_005.mp4,yoga_bridge,female
yoga_bridge_006.mp4,/content/drive/MyDrive/FINAL DATASET/yoga_bridge/yoga_bridge_006.mp4,yoga_bridge,female
yoga_bridge_007.mp4,/content/drive/MyDrive/FINAL DATASET/yoga_bridge/yoga_bridge_007.mp4,yoga_bridge,female
yoga_bridge_008.mp4,/content/drive/MyDrive/FINAL DATASET/yoga_bridge/yoga_bridge_008.mp4,yoga_bridge,female
yoga_bridge_009.mp4,/content/drive/MyDrive/FINAL DATASET/yoga_bridge/yoga_bridge_009.mp4,yoga_bridge,female
yoga_bridge_010.mp4,/content/drive/MyDrive/FINAL DATASET/yoga_bridge/yoga_bridge_010.mp4,yoga_bridge,male
yoga_bridge_011.mp4,/content/drive/MyDrive/FINAL DATASET/yoga_bridge/yoga_bridge_011.mp4,yoga_bridge,female
yoga_bridge_012.mp4,/content/drive/MyDrive/FINAL DATASET/yoga_bridge/yoga_bridge_012.mp4,yoga_bridge,female
yoga_bridge_013.mp4,/content/drive/MyDrive/FINAL DATASET/yoga_bridge/yoga_bridge_013.mp4,yoga_bridge,female
yoga_bridge_014.mp4,/content/drive/MyDrive/FINAL DATASET/yoga_bridge/yoga_bridge_014.mp4,yoga_bridge,female
yoga_bridge_015.mp4,/content/drive/MyDrive/FINAL DATASET/yoga_bridge/yoga_bridge_015.mp4,yoga_bridge,male
yoga_bridge_016.mp4,/content/drive/MyDrive/FINAL DATASET/yoga_bridge/yoga_bridge_016.mp4,yoga_bridge,female
yoga_bridge_017.mp4,/content/drive/MyDrive/FINAL DATASET/yoga_bridge/yoga_bridge_017.mp4,yoga_bridge,female
yoga_bridge_018.mp4,/content/drive/MyDrive/FINAL DATASET/yoga_bridge/yoga_bridge_018.mp4,yoga_bridge,female
yoga_bridge_019.mp4,/content/drive/MyDrive/FINAL DATASET/yoga_bridge/yoga_bridge_019.mp4,yoga_bridge,female
yoga_cat_000.mp4,/content/drive/MyDrive/FINAL DATASET/yoga_cat/yoga_cat_000.mp4,yoga_cat,female
yoga_cat_001.mp4,/content/drive/MyDrive/FINAL DATASET/yoga_cat/yoga_cat_001.mp4,yoga_cat,female
yoga_cat_002.mp4,/content/drive/MyDrive/FINAL DATASET/yoga_cat/yoga_cat_002.mp4,yoga_cat,female
yoga_cat_003.mp4,/content/drive/MyDrive/FINAL DATASET/yoga_cat/yoga_cat_003.mp4,yoga_cat,female
yoga_cat_004.mp4,/content/drive/MyDrive/FINAL DATASET/yoga_cat/yoga_cat_004.mp4,yoga_cat,female
yoga_cat_005.mp4,/content/drive/MyDrive/FINAL DATASET/yoga_cat/yoga_cat_005.mp4,yoga_cat,female
yoga_cat_006.mp4,/content/drive/MyDrive/FINAL DATASET/yoga_cat/yoga_cat_006.mp4,yoga_cat,female
yoga_cat_007.mp4,/content/drive/MyDrive/FINAL DATASET/yoga_cat/yoga_cat_007.mp4,yoga_cat,male
yoga_cat_008.mp4,/content/drive/MyDrive/FINAL DATASET/yoga_cat/yoga_cat_008.mp4,yoga_cat,female
yoga_cat_009.mp4,/content/drive/MyDrive/FINAL DATASET/yoga_cat/yoga_cat_009.mp4,yoga_cat,female
yoga_cat_010.mp4,/content/drive/MyDrive/FINAL DATASET/yoga_cat/yoga_cat_010.mp4,yoga_cat,male
yoga_cat_011.mp4,/content/drive/MyDrive/FINAL DATASET/yoga_cat/yoga_cat_011.mp4,yoga_cat,female
yoga_cat_012.mp4,/content/drive/MyDrive/FINAL DATASET/yoga_cat/yoga_cat_012.mp4,yoga_cat,female
yoga_cat_013.mp4,/content/drive/MyDrive/FINAL DATASET/yoga_cat/yoga_cat_013.mp4,yoga_cat,female
yoga_cat_014.mp4,/content/drive/MyDrive/FINAL DATASET/yoga_cat/yoga_cat_014.mp4,yoga_cat,female
yoga_cat_015.mp4,/content/drive/MyDrive/FINAL DATASET/yoga_cat/yoga_cat_015.mp4,yoga_cat,female
yoga_cat_016.mp4,/content/drive/MyDrive/FINAL DATASET/yoga_cat/yoga_cat_016.mp4,yoga_cat,female
yoga_cat_017.mp4,/content/drive/MyDrive/FINAL DATASET/yoga_cat/yoga_cat_017.mp4,yoga_cat,female
yoga_cat_018.mp4,/content/drive/MyDrive/FINAL DATASET/yoga_cat/yoga_cat_018.mp4,yoga_cat,female
yoga_cat_019.mp4,/content/drive/MyDrive/FINAL DATASET/yoga_cat/yoga_cat_019.mp4,yoga_cat,female
yoga_dancer_000.mp4,/content/drive/MyDrive/FINAL DATASET/yoga_dancer/yoga_dancer_000.mp4,yoga_dancer,female
yoga_dancer_001.mp4,/content/drive/MyDrive/FINAL DATASET/yoga_dancer/yoga_dancer_001.mp4,yoga_dancer,female
yoga_dancer_002.mp4,/content/drive/MyDrive/FINAL DATASET/yoga_dancer/yoga_dancer_002.mp4,yoga_dancer,female
yoga_dancer_003.mp4,/content/drive/MyDrive/FINAL DATASET/yoga_dancer/yoga_dancer_003.mp4,yoga_dancer,female
yoga_dancer_004.mp4,/content/drive/MyDrive/FINAL DATASET/yoga_dancer/yoga_dancer_004.mp4,yoga_dancer,female
yoga_dancer_005.mp4,/content/drive/MyDrive/FINAL DATASET/yoga_dancer/yoga_dancer_005.mp4,yoga_dancer,female
yoga_dancer_006.mp4,/content/drive/MyDrive/FINAL DATASET/yoga_dancer/yoga_dancer_006.mp4,yoga_dancer,female
yoga_dancer_007.mp4,/content/drive/MyDrive/FINAL DATASET/yoga_dancer/yoga_dancer_007.mp4,yoga_dancer,female
yoga_dancer_008.mp4,/content/drive/MyDrive/FINAL DATASET/yoga_dancer/yoga_dancer_008.mp4,yoga_dancer,female
yoga_dancer_009.mp4,/content/drive/MyDrive/FINAL DATASET/yoga_dancer/yoga_dancer_009.mp4,yoga_dancer,female
yoga_dancer_010.mp4,/content/drive/MyDrive/FINAL DATASET/yoga_dancer/yoga_dancer_010.mp4,yoga_dancer,female
yoga_dancer_011.mp4,/content/drive/MyDrive/FINAL DATASET/yoga_dancer/yoga_dancer_011.mp4,yoga_dancer,female
yoga_dancer_012.mp4,/content/drive/MyDrive/FINAL DATASET/yoga_dancer/yoga_dancer_012.mp4,yoga_dancer,female
yoga_dancer_013.mp4,/content/drive/MyDrive/FINAL DATASET/yoga_dancer/yoga_dancer_013.mp4,yoga_dancer,female
yoga_dancer_014.mp4,/content/drive/MyDrive/FINAL DATASET/yoga_dancer/yoga_dancer_014.mp4,yoga_dancer,female
yoga_dancer_015.mp4,/content/drive/MyDrive/FINAL DATASET/yoga_dancer/yoga_dancer_015.mp4,yoga_dancer,female
yoga_dancer_016.mp4,/content/drive/MyDrive/FINAL DATASET/yoga_dancer/yoga_dancer_016.mp4,yoga_dancer,female
yoga_dancer_017.mp4,/content/drive/MyDrive/FINAL DATASET/yoga_dancer/yoga_dancer_017.mp4,yoga_dancer,female
yoga_dancer_018.mp4,/content/drive/MyDrive/FINAL DATASET/yoga_dancer/yoga_dancer_018.mp4,yoga_dancer,female
yoga_dancer_019.mp4,/content/drive/MyDrive/FINAL DATASET/yoga_dancer/yoga_dancer_019.mp4,yoga_dancer,female
yoga_tree_000.mp4,/content/drive/MyDrive/FINAL DATASET/yoga_tree/yoga_tree_000.mp4,yoga_tree,female
yoga_tree_001.mp4,/content/drive/MyDrive/FINAL DATASET/yoga_tree/yoga_tree_001.mp4,yoga_tree,female
yoga_tree_002.mp4,/content/drive/MyDrive/FINAL DATASET/yoga_tree/yoga_tree_002.mp4,yoga_tree,female
yoga_tree_003.mp4,/content/drive/MyDrive/FINAL DATASET/yoga_tree/yoga_tree_003.mp4,yoga_tree,female
yoga_tree_004.mp4,/content/drive/MyDrive/FINAL DATASET/yoga_tree/yoga_tree_004.mp4,yoga_tree,male
yoga_tree_005.mp4,/content/drive/MyDrive/FINAL DATASET/yoga_tree/yoga_tree_005.mp4,yoga_tree,female
yoga_tree_006.mp4,/content/drive/MyDrive/FINAL DATASET/yoga_tree/yoga_tree_006.mp4,yoga_tree,female
yoga_tree_007.mp4,/content/drive/MyDrive/FINAL DATASET/yoga_tree/yoga_tree_007.mp4,yoga_tree,male
yoga_tree_008.mp4,/content/drive/MyDrive/FINAL DATASET/yoga_tree/yoga_tree_008.mp4,yoga_tree,female
yoga_tree_009.mp4,/content/drive/MyDrive/FINAL DATASET/yoga_tree/yoga_tree_009.mp4,yoga_tree,female
yoga_tree_010.mp4,/content/drive/MyDrive/FINAL DATASET/yoga_tree/yoga_tree_010.mp4,yoga_tree,female
yoga_tree_011.mp4,/content/drive/MyDrive/FINAL DATASET/yoga_tree/yoga_tree_011.mp4,yoga_tree,male
yoga_tree_012.mp4,/content/drive/MyDrive/FINAL DATASET/yoga_tree/yoga_tree_012.mp4,yoga_tree,female
yoga_tree_013.mp4,/content/drive/MyDrive/FINAL DATASET/yoga_tree/yoga_tree_013.mp4,yoga_tree,male
yoga_tree_014.mp4,/content/drive/MyDrive/FINAL DATASET/yoga_tree/yoga_tree_014.mp4,yoga_tree,female
yoga_tree_015.mp4,/content/drive/MyDrive/FINAL DATASET/yoga_tree/yoga_tree_015.mp4,yoga_tree,female
yoga_tree_016.mp4,/content/drive/MyDrive/FINAL DATASET/yoga_tree/yoga_tree_016.mp4,yoga_tree,male
yoga_tree_017.mp4,/content/drive/MyDrive/FINAL DATASET/yoga_tree/yoga_tree_017.mp4,yoga_tree,female
yoga_tree_018.mp4,/content/drive/MyDrive/FINAL DATASET/yoga_tree/yoga_tree_018.mp4,yoga_tree,female
yoga_tree_019.mp4,/content/drive/MyDrive/FINAL DATASET/yoga_tree/yoga_tree_019.mp4,yoga_tree,female
yoga_triangle_000.mp4,/content/drive/MyDrive/FINAL DATASET/yoga_triangle/yoga_triangle_000.mp4,yoga_triangle,female
yoga_triangle_001.mp4,/content/drive/MyDrive/FINAL DATASET/yoga_triangle/yoga_triangle_001.mp4,yoga_triangle,female
yoga_triangle_002.mp4,/content/drive/MyDrive/FINAL DATASET/yoga_triangle/yoga_triangle_002.mp4,yoga_triangle,female
yoga_triangle_003.mp4,/content/drive/MyDrive/FINAL DATASET/yoga_triangle/yoga_triangle_003.mp4,yoga_triangle,female
yoga_triangle_004.mp4,/content/drive/MyDrive/FINAL DATASET/yoga_triangle/yoga_triangle_004.mp4,yoga_triangle,female
yoga_triangle_005.mp4,/content/drive/MyDrive/FINAL DATASET/yoga_triangle/yoga_triangle_005.mp4,yoga_triangle,female
yoga_triangle_006.mp4,/content/drive/MyDrive/FINAL DATASET/yoga_triangle/yoga_triangle_006.mp4,yoga_triangle,female
yoga_triangle_007.mp4,/content/drive/MyDrive/FINAL DATASET/yoga_triangle/yoga_triangle_007.mp4,yoga_triangle,male
yoga_triangle_008.mp4,/content/drive/MyDrive/FINAL DATASET/yoga_triangle/yoga_triangle_008.mp4,yoga_triangle,female
yoga_triangle_009.mp4,/content/drive/MyDrive/FINAL DATASET/yoga_triangle/yoga_triangle_009.mp4,yoga_triangle,male
yoga_triangle_010.mp4,/content/drive/MyDrive/FINAL DATASET/yoga_triangle/yoga_triangle_010.mp4,yoga_triangle,female
yoga_triangle_011.mp4,/content/drive/MyDrive/FINAL DATASET/yoga_triangle/yoga_triangle_011.mp4,yoga_triangle,male
yoga_triangle_012.mp4,/content/drive/MyDrive/FINAL DATASET/yoga_triangle/yoga_triangle_012.mp4,yoga_triangle,female
yoga_triangle_013.mp4,/content/drive/MyDrive/FINAL DATASET/yoga_triangle/yoga_triangle_013.mp4,yoga_triangle,female
yoga_triangle_014.mp4,/content/drive/MyDrive/FINAL DATASET/yoga_triangle/yoga_triangle_014.mp4,yoga_triangle,female
yoga_triangle_015.mp4,/content/drive/MyDrive/FINAL DATASET/yoga_triangle/yoga_triangle_015.mp4,yoga_triangle,female
yoga_triangle_016.mp4,/content/drive/MyDrive/FINAL DATASET/yoga_triangle/yoga_triangle_016.mp4,yoga_triangle,female
yoga_triangle_017.mp4,/content/drive/MyDrive/FINAL DATASET/yoga_triangle/yoga_triangle_017.mp4,yoga_triangle,female
yoga_triangle_018.mp4,/content/drive/MyDrive/FINAL DATASET/yoga_triangle/yoga_triangle_018.mp4,yoga_triangle,female
yoga_triangle_019.mp4,/content/drive/MyDrive/FINAL DATASET/yoga_triangle/yoga_triangle_019.mp4,yoga_triangle,female
yoga_updog_000.mp4,/content/drive/MyDrive/FINAL DATASET/yoga_updog/yoga_updog_000.mp4,yoga_updog,female
yoga_updog_001.mp4,/content/drive/MyDrive/FINAL DATASET/yoga_updog/yoga_updog_001.mp4,yoga_updog,female
yoga_updog_002.mp4,/content/drive/MyDrive/FINAL DATASET/yoga_updog/yoga_updog_002.mp4,yoga_updog,male
yoga_updog_003.mp4,/content/drive/MyDrive/FINAL DATASET/yoga_updog/yoga_updog_003.mp4,yoga_updog,female
yoga_updog_004.mp4,/content/drive/MyDrive/FINAL DATASET/yoga_updog/yoga_updog_004.mp4,yoga_updog,male
yoga_updog_005.mp4,/content/drive/MyDrive/FINAL DATASET/yoga_updog/yoga_updog_005.mp4,yoga_updog,female
yoga_updog_006.mp4,/content/drive/MyDrive/FINAL DATASET/yoga_updog/yoga_updog_006.mp4,yoga_updog,male
yoga_updog_007.mp4,/content/drive/MyDrive/FINAL DATASET/yoga_updog/yoga_updog_007.mp4,yoga_updog,male
yoga_updog_008.mp4,/content/drive/MyDrive/FINAL DATASET/yoga_updog/yoga_updog_008.mp4,yoga_updog,female
yoga_updog_009.mp4,/content/drive/MyDrive/FINAL DATASET/yoga_updog/yoga_updog_009.mp4,yoga_updog,female
yoga_updog_010.mp4,/content/drive/MyDrive/FINAL DATASET/yoga_updog/yoga_updog_010.mp4,yoga_updog,female
yoga_updog_011.mp4,/content/drive/MyDrive/FINAL DATASET/yoga_updog/yoga_updog_011.mp4,yoga_updog,female
yoga_updog_012.mp4,/content/drive/MyDrive/FINAL DATASET/yoga_updog/yoga_updog_012.mp4,yoga_updog,female
yoga_updog_013.mp4,/content/drive/MyDrive/FINAL DATASET/yoga_updog/yoga_updog_013.mp4,yoga_updog,female
yoga_updog_014.mp4,/content/drive/MyDrive/FINAL DATASET/yoga_updog/yoga_updog_014.mp4,yoga_updog,female
yoga_updog_015.mp4,/content/drive/MyDrive/FINAL DATASET/yoga_updog/yoga_updog_015.mp4,yoga_updog,female
yoga_updog_016.mp4,/content/drive/MyDrive/FINAL DATASET/yoga_updog/yoga_updog_016.mp4,yoga_updog,female
yoga_updog_017.mp4,/content/drive/MyDrive/FINAL DATASET/yoga_updog/yoga_updog_017.mp4,yoga_updog,female
yoga_updog_018.mp4,/content/drive/MyDrive/FINAL DATASET/yoga_updog/yoga_updog_018.mp4,yoga_updog,female
yoga_updog_019.mp4,/content/drive/MyDrive/FINAL DATASET/yoga_updog/yoga_updog_019.mp4,yoga_updog,female
